name,provider,latitude,longitude,location_url,coordinate_source
"Aldo’s Cafe","other","43.07304557058978","-89.4077467918396","https://www.aldoscafemadison.com/","https://www.wisc.edu/dining/"
"Babcock Hall Dairy Store","other","43.074953908620465","-89.41377639770508","http://babcockhalldairystore.wisc.edu","https://www.wisc.edu/dining/"
"Badger Market at Engineering","union","43.07202280234115","-89.40987646579744","https://union.wisc.edu/dine/find-food-and-drink/e2-engineering-eatery/","https://www.wisc.edu/dining/"
"Badger Market at Health Sciences Learning Center","union","43.07750871578119","-89.43014860153197","https://union.wisc.edu/dine/find-food-and-drink/badger-market-in-health-sciences-learning-center/","https://www.wisc.edu/dining/"
"Badger Market at Ingraham","union","43.075708214760944","-89.40525636076927","https://union.wisc.edu/dine/find-food-and-drink/badger-market-in-ingraham/","https://www.wisc.edu/dining/"
"Badger Market at Medical Sciences","union","43.073746999483326","-89.40658271312712","https://union.wisc.edu/dine/find-food-and-drink/badger-market-in-medical-sciences/","https://www.wisc.edu/dining/"
"Badger Market at Memorial Union","union","43.07623497066268","-89.39957590369761","https://union.wisc.edu/dine/find-food-and-drink/badger-market/","https://www.wisc.edu/dining/"
"Badger Market at School of Human Ecology","union","43.07571017398558","-89.40891623497009","https://union.wisc.edu/dine/find-food-and-drink/robins-nest/","https://www.wisc.edu/dining/"
"Badger Market at Union South","union","43.07214036277812","-89.40866947174072","https://union.wisc.edu/dine/find-food-and-drink/badger-market-in-union-south/","https://www.wisc.edu/dining/"
"BBQ Stand","union","43.07692879957428","-89.39927369356157","https://union.wisc.edu/dine/find-food-and-drink/bbq-stand/","https://www.wisc.edu/dining/"
"Brat Stand","union","43.07679165642565","-89.39991742372516","https://union.wisc.edu/dine/find-food-and-drink/the-brat-stand/","https://www.wisc.edu/dining/"
"Carson’s Market","housing","43.07725794187876","-89.41146433353424","https://www.housing.wisc.edu/dining/locations/carsons/","https://www.wisc.edu/dining/"
"Carte","union","43.07621957026633","-89.39974039793016","https://union.wisc.edu/dine/find-food-and-drink/carte/","https://www.wisc.edu/dining/"
"Chazen Café","union","43.073915559193296","-89.39871625509114","https://union.wisc.edu/dine/find-food-and-drink/chazen-cafe/","https://www.wisc.edu/dining/"
"Crossroads Café","union","43.0757297662285","-89.4021087884903","https://union.wisc.edu/dine/find-food-and-drink/crossroads-cafe/","https://www.wisc.edu/dining/"
"Daily Scoop at Memorial Union","union","43.07631591947299","-89.39932525892675","https://union.wisc.edu/dine/find-food-and-drink/daily-scoop-in-memorial-union/","https://www.wisc.edu/dining/"
"Daily Scoop at Union South","union","43.07173281896576","-89.40770924091339","https://union.wisc.edu/dine/find-food-and-drink/daily-scoop-in-union-south/","https://www.wisc.edu/dining/"
"Der Rathskeller","union","43.07632536742433","-89.39981818199159","https://union.wisc.edu/dine/find-food-and-drink/der-rathskeller/","https://www.wisc.edu/dining/"
"Der Stiftskeller","union","43.07636063310307","-89.40006762742996","https://union.wisc.edu/dine/find-food-and-drink/der-stiftskeller/","https://www.wisc.edu/dining/"
"Flamingo Run at Four Lakes Market","housing","43.07769287721222","-89.41768169403076","https://www.housing.wisc.edu/dining/locations/four-lakes/","https://www.wisc.edu/dining/"
"Flamingo Run at Gordon Avenue Market","housing","43.07112654966981","-89.39886580919848","https://www.housing.wisc.edu/dining/locations/gordon/","https://www.wisc.edu/dining/"
"Flamingo Run at Rheta’s Market","housing","43.0738763123135","-89.40133094787599","https://www.housing.wisc.edu/dining/locations/rhetas/","https://www.wisc.edu/dining/"
"Fluno Center Executive Dining Room","union","43.07292801188913","-89.39658343791962","https://fluno.com/dining/oros","https://www.wisc.edu/dining/"
"Four Lakes Café (UW Hospital Cafeteria)","other","43.07640373557179","-89.43192958831787","http://www.uwhealth.org/patient-guides/uw-hospital/cafeteria-and-dining/10158","https://www.wisc.edu/dining/"
"Four Lakes Market","housing","43.077673285596944","-89.41787481307983","https://www.housing.wisc.edu/dining/locations/four-lakes/","https://www.wisc.edu/dining/"
"Ginger Root","union","43.0719365912107","-89.40854609012601","https://union.wisc.edu/dine/find-food-and-drink/ginger-root/","https://www.wisc.edu/dining/"
"Gordon Avenue Market","housing","43.07122338538928","-89.39840734004974","https://www.housing.wisc.edu/dining/locations/gordon/","https://www.wisc.edu/dining/"
"Ground Truth","union","43.073038904194696","-89.40683120891676","https://union.wisc.edu/dine/find-food-and-drink/ground-truth","https://www.wisc.edu/dining/"
"Java Coast","other","43.07653696119239","-89.43171501159668","https://www.uwhealth.org/locations/university-hospital-170","https://www.wisc.edu/dining/"
"Lakeview Lounge","union","43.07660749228606","-89.39937829971313","https://union.wisc.edu/dine/find-food-and-drink/lakeview-lounge/","https://www.wisc.edu/dining/"
"Liz’s Market","housing","43.07689353422253","-89.40695822238924","https://www.housing.wisc.edu/dining/locations/liz/","https://www.wisc.edu/dining/"
"Mendota Market","other","43.07639589876153","-89.43173110485075","https://www.uwhealth.org/locations/university-hospital-170","https://www.wisc.edu/dining/"
"Microcosm Café","union","43.075870830192805","-89.41223144531249","https://union.wisc.edu/dine/find-food-and-drink/microcosm-cafe/","https://www.wisc.edu/dining/"
"Naan Stop South","union","43.07188172951909","-89.40843880176544","https://union.wisc.edu/dine/find-food-and-drink/naan-stop-south","https://www.wisc.edu/dining/"
"Open Book Café","union","43.07670937038911","-89.40101444721222","https://union.wisc.edu/dine/find-food-and-drink/open-book-cafe/","https://www.wisc.edu/dining/"
"Peet’s Coffee","union","43.07619605976195","-89.39924955368043","https://union.wisc.edu/dine/find-food-and-drink/peets-coffee-and-tea/","https://www.wisc.edu/dining/"
"Prairie Fire Coffeehouse","union","43.072046314446595","-89.40833151340486","https://union.wisc.edu/dine/find-food-and-drink/prairie-fire/","https://www.wisc.edu/dining/"
"Revive","union","43.07752438911603","-89.42795991897583","https://union.wisc.edu/dine/find-food-and-drink/revive/","https://www.wisc.edu/dining/"
"Rheta’s Market","housing","43.07391858581536","-89.40174075017589","https://www.housing.wisc.edu/dining/locations/rhetas/","https://www.wisc.edu/dining/"
"Sett Rec","union","43.07141148443369","-89.4075644016266","https://union.wisc.edu/events-and-activities/climbing-and-bowling/","https://www.wisc.edu/dining/"
"Shake Smart","housing","43.076924253651185","-89.42037423374131","https://www.housing.wisc.edu/dining/locations/shake-smart/","https://www.wisc.edu/dining/"
"Smitty’s Study Pub","union","43.07300638438127","-89.39659953117369","https://fluno.com/dining/smittys/","https://www.wisc.edu/dining/"
"South Cantina","union","43.07183470517291","-89.408358335495","https://union.wisc.edu/dine/find-food-and-drink/southcantina/","https://www.wisc.edu/dining/"
"Starbucks at Smith","housing","43.06868399178814","-89.40022587776183","https://www.housing.wisc.edu/dining/locations/starbucks/","https://www.wisc.edu/dining/"
"Steenbock’s on Orchard","other","43.072606683623555","-89.40770387649536","https://www.steenbocksonorchard.com/","https://www.wisc.edu/dining/"
"Strada","union","43.076368469917824","-89.39952850341797","https://union.wisc.edu/dine/find-food-and-drink/strada/","https://www.wisc.edu/dining/"
"The Bean & Creamery at Four Lakes Market","housing","43.07762234736787","-89.4175797700882","https://www.housing.wisc.edu/dining/locations/four-lakes/","https://www.wisc.edu/dining/"
"The Sett Pub","union","43.07147810270681","-89.40771996974944","https://union.wisc.edu/dine/find-food-and-drink/the-sett/","https://www.wisc.edu/dining/"
"Wisconsin Union Catering","union","43.07276342932944","-89.40194785594943","https://union.wisc.edu/host-your-event/catering","https://www.wisc.edu/dining/"
